{
  "Accuracy": 0.8837772397094431,
  "Precision": 0.6645962732919255,
  "Recall": 0.856,
  "F1": 0.7482517482517483,
  "cost": 0.2430635
}