{
  "Accuracy": 0.8208232445520581,
  "Precision": 0.5308370044052864,
  "Recall": 0.964,
  "F1": 0.6846590909090908,
  "cost": 0.23332850000000002
}