{
  "Accuracy": 0.8870056497175142,
  "Precision": 0.6697530864197531,
  "Recall": 0.868,
  "F1": 0.7560975609756098,
  "cost": 0.2429875,
  "elapsed_time": 1020.3695168495178
}